{
  "exp_tag": "hubert_large_zh_learner",
  "pretrained": "TencentGameMate/chinese-hubert-large",
  "best_dev_acc": 0.8189655172413793,
  "test_acc": 0.8028045574057844,
  "test_info": {
    "compared": 2282,
    "skipped_no_csv": 0,
    "skipped_no_pred": 0
  },
  "train_items": 8577,
  "dev_items": 464,
  "test_items": 2282,
  "save_dir": "/home/huy/207177/output/checkpoint/hubert_large_zh_learner",
  "training_curves": "/home/huy/207177/output/checkpoint/hubert_large_zh_learner/training_curves.json",
  "tone_labels": [
    "0",
    "1",
    "2",
    "3",
    "4"
  ],
  "tone_target_names": [
    "T_NS",
    "T1",
    "T2",
    "T3",
    "T4"
  ],
  "classification_report": {
    "T_NS": {
      "precision": 0.6631578947368421,
      "recall": 0.5080645161290323,
      "f1-score": 0.5753424657534246,
      "support": 248.0
    },
    "T1": {
      "precision": 0.8177905308464849,
      "recall": 0.8507462686567164,
      "f1-score": 0.8339429407461595,
      "support": 670.0
    },
    "T2": {
      "precision": 0.8301630434782609,
      "recall": 0.8346994535519126,
      "f1-score": 0.832425068119891,
      "support": 732.0
    },
    "T3": {
      "precision": 0.5259259259259259,
      "recall": 0.568,
      "f1-score": 0.5461538461538461,
      "support": 125.0
    },
    "T4": {
      "precision": 0.8664122137404581,
      "recall": 0.8954635108481263,
      "f1-score": 0.8806983511154219,
      "support": 507.0
    },
    "accuracy": 0.8028045574057844,
    "macro avg": {
      "precision": 0.7406899217455943,
      "recall": 0.7313947498371576,
      "f1-score": 0.7337125343777486,
      "support": 2282.0
    },
    "weighted avg": {
      "precision": 0.7997694542046982,
      "recall": 0.8028045574057844,
      "f1-score": 0.7999759625132717,
      "support": 2282.0
    }
  },
  "confusion_matrix": [
    [
      126,
      25,
      45,
      27,
      25
    ],
    [
      14,
      570,
      49,
      7,
      30
    ],
    [
      27,
      66,
      611,
      23,
      5
    ],
    [
      9,
      11,
      24,
      71,
      10
    ],
    [
      14,
      25,
      7,
      7,
      454
    ]
  ]
}