{
  "exp_tag": "w2v2_large_en_baseline_learner",
  "pretrained": "facebook/wav2vec2-large-960h",
  "best_dev_acc": 0.7564655172413793,
  "test_acc": 0.775635407537248,
  "test_info": {
    "compared": 2282,
    "skipped_no_csv": 0,
    "skipped_no_pred": 0
  },
  "train_items": 8577,
  "dev_items": 464,
  "test_items": 2282,
  "save_dir": "/home/huy/207177/output/checkpoint/w2v2_large_en_baseline_learner",
  "training_curves": "/home/huy/207177/output/checkpoint/w2v2_large_en_baseline_learner/training_curves.json",
  "tone_labels": [
    "0",
    "1",
    "2",
    "3",
    "4"
  ],
  "tone_target_names": [
    "T_NS",
    "T1",
    "T2",
    "T3",
    "T4"
  ],
  "classification_report": {
    "T_NS": {
      "precision": 0.5592417061611374,
      "recall": 0.47580645161290325,
      "f1-score": 0.514161220043573,
      "support": 248.0
    },
    "T1": {
      "precision": 0.8035714285714286,
      "recall": 0.8059701492537313,
      "f1-score": 0.8047690014903129,
      "support": 670.0
    },
    "T2": {
      "precision": 0.8190743338008415,
      "recall": 0.7978142076502732,
      "f1-score": 0.8083044982698961,
      "support": 732.0
    },
    "T3": {
      "precision": 0.5,
      "recall": 0.576,
      "f1-score": 0.5353159851301115,
      "support": 125.0
    },
    "T4": {
      "precision": 0.8413284132841329,
      "recall": 0.8994082840236687,
      "f1-score": 0.8693994280266921,
      "support": 507.0
    },
    "accuracy": 0.775635407537248,
    "macro avg": {
      "precision": 0.704643176363508,
      "recall": 0.7109998185081153,
      "f1-score": 0.7063900265921171,
      "support": 2282.0
    },
    "weighted avg": {
      "precision": 0.7737514102314157,
      "recall": 0.775635407537248,
      "f1-score": 0.7739202955537584,
      "support": 2282.0
    }
  },
  "confusion_matrix": [
    [
      118,
      23,
      49,
      31,
      27
    ],
    [
      27,
      540,
      59,
      10,
      34
    ],
    [
      44,
      70,
      584,
      24,
      10
    ],
    [
      10,
      9,
      19,
      72,
      15
    ],
    [
      12,
      30,
      2,
      7,
      456
    ]
  ]
}