{
  "exp_tag": "w2v2_large_en_baseline_learner",
  "pretrained": "facebook/wav2vec2-large-960h",
  "best_dev_acc": 0.7780172413793104,
  "test_acc": 0.7484662576687117,
  "test_info": {
    "compared": 2282,
    "skipped_no_csv": 0,
    "skipped_no_pred": 0
  },
  "train_items": 8577,
  "dev_items": 464,
  "test_items": 2282,
  "save_dir": "/home/huy/207177/output/checkpoint/w2v2_large_en_baseline_learner",
  "training_curves": "/home/huy/207177/output/checkpoint/w2v2_large_en_baseline_learner/training_curves.json",
  "tone_labels": [
    "0",
    "1",
    "2",
    "3",
    "4"
  ],
  "tone_target_names": [
    "T5/neutral",
    "T1",
    "T2",
    "T3",
    "T4"
  ],
  "classification_report": {
    "T5/neutral": {
      "precision": 0.5450643776824035,
      "recall": 0.5120967741935484,
      "f1-score": 0.5280665280665281,
      "support": 248.0
    },
    "T1": {
      "precision": 0.7719821162444114,
      "recall": 0.7731343283582089,
      "f1-score": 0.7725577926920209,
      "support": 670.0
    },
    "T2": {
      "precision": 0.8014285714285714,
      "recall": 0.7663934426229508,
      "f1-score": 0.7835195530726257,
      "support": 732.0
    },
    "T3": {
      "precision": 0.425,
      "recall": 0.544,
      "f1-score": 0.47719298245614034,
      "support": 125.0
    },
    "T4": {
      "precision": 0.8378378378378378,
      "recall": 0.8560157790927022,
      "f1-score": 0.8468292682926829,
      "support": 507.0
    },
    "accuracy": 0.7484662576687117,
    "macro avg": {
      "precision": 0.6762625806386448,
      "recall": 0.6903280648534821,
      "f1-score": 0.6816332249159995,
      "support": 2282.0
    },
    "weighted avg": {
      "precision": 0.7523919726636678,
      "recall": 0.7484662576687117,
      "f1-score": 0.7498256331046111,
      "support": 2282.0
    }
  },
  "confusion_matrix": [
    [
      127,
      21,
      42,
      34,
      24
    ],
    [
      34,
      518,
      71,
      14,
      33
    ],
    [
      41,
      86,
      561,
      30,
      14
    ],
    [
      14,
      10,
      20,
      68,
      13
    ],
    [
      17,
      36,
      6,
      14,
      434
    ]
  ]
}