{
  "exp_tag": "hubert_large_zh_attn_learner",
  "pretrained": "TencentGameMate/chinese-hubert-large",
  "focal_gamma": 2.0,
  "best_dev_macro_f1": 0.7386432391552227,
  "test_acc": 0.7861524978089395,
  "test_macro_f1": 0.7160740714015206,
  "test_weighted_f1": 0.7840275325316977,
  "test_info": {
    "compared": 2282,
    "skipped_no_csv": 0
  },
  "train_items": 8577,
  "dev_items": 464,
  "test_items": 2282,
  "save_dir": "/home/huy/207177/output/checkpoint/hubert_large_zh_attn_learner",
  "training_curves": "/home/huy/207177/output/checkpoint/hubert_large_zh_attn_learner/training_curves.json",
  "tone_labels": [
    "0",
    "1",
    "2",
    "3",
    "4"
  ],
  "tone_target_names": [
    "T_NS",
    "T1",
    "T2",
    "T3",
    "T4"
  ],
  "classification_report": {
    "T_NS": {
      "precision": 0.649746192893401,
      "recall": 0.5161290322580645,
      "f1-score": 0.5752808988764045,
      "support": 248.0
    },
    "T1": {
      "precision": 0.7988668555240793,
      "recall": 0.8417910447761194,
      "f1-score": 0.8197674418604651,
      "support": 670.0
    },
    "T2": {
      "precision": 0.8150208623087621,
      "recall": 0.8005464480874317,
      "f1-score": 0.8077188146106133,
      "support": 732.0
    },
    "T3": {
      "precision": 0.48175182481751827,
      "recall": 0.528,
      "f1-score": 0.5038167938931297,
      "support": 125.0
    },
    "T4": {
      "precision": 0.8604206500956023,
      "recall": 0.8875739644970414,
      "f1-score": 0.8737864077669902,
      "support": 507.0
    },
    "accuracy": 0.7861524978089395,
    "macro avg": {
      "precision": 0.7211612771278726,
      "recall": 0.7148080979237315,
      "f1-score": 0.7160740714015206,
      "support": 2282.0
    },
    "weighted avg": {
      "precision": 0.7841478387157628,
      "recall": 0.7861524978089395,
      "f1-score": 0.7840275325316977,
      "support": 2282.0
    }
  },
  "confusion_matrix": [
    [
      128,
      29,
      38,
      23,
      30
    ],
    [
      13,
      564,
      63,
      6,
      24
    ],
    [
      34,
      74,
      586,
      32,
      6
    ],
    [
      12,
      9,
      25,
      66,
      13
    ],
    [
      10,
      30,
      7,
      10,
      450
    ]
  ]
}