{
  "exp_tag": "hubert_large_zh_attn_learner",
  "pretrained": "TencentGameMate/chinese-hubert-large",
  "focal_gamma": 2.0,
  "best_dev_macro_f1": 0.7731318852492792,
  "test_acc": 0.7835232252410167,
  "test_macro_f1": 0.7182188815292987,
  "test_weighted_f1": 0.7841178157387725,
  "test_info": {
    "compared": 2282,
    "skipped_no_csv": 0
  },
  "train_items": 8577,
  "dev_items": 464,
  "test_items": 2282,
  "save_dir": "/home/huy/207177/output/checkpoint/hubert_large_zh_attn_learner",
  "training_curves": "/home/huy/207177/output/checkpoint/hubert_large_zh_attn_learner/training_curves.json",
  "tone_labels": [
    "0",
    "1",
    "2",
    "3",
    "4"
  ],
  "tone_target_names": [
    "T5/neutral",
    "T1",
    "T2",
    "T3",
    "T4"
  ],
  "classification_report": {
    "T5/neutral": {
      "precision": 0.6262135922330098,
      "recall": 0.5201612903225806,
      "f1-score": 0.5682819383259912,
      "support": 248.0
    },
    "T1": {
      "precision": 0.8079178885630498,
      "recall": 0.8223880597014925,
      "f1-score": 0.8150887573964497,
      "support": 670.0
    },
    "T2": {
      "precision": 0.8188105117565698,
      "recall": 0.8087431693989071,
      "f1-score": 0.813745704467354,
      "support": 732.0
    },
    "T3": {
      "precision": 0.4556213017751479,
      "recall": 0.616,
      "f1-score": 0.5238095238095238,
      "support": 125.0
    },
    "T4": {
      "precision": 0.8745019920318725,
      "recall": 0.8658777120315582,
      "f1-score": 0.8701684836471755,
      "support": 507.0
    },
    "accuracy": 0.7835232252410167,
    "macro avg": {
      "precision": 0.7166130572719299,
      "recall": 0.7266340462909078,
      "f1-score": 0.7182188815292987,
      "support": 2282.0
    },
    "weighted avg": {
      "precision": 0.7871605712089796,
      "recall": 0.7835232252410167,
      "f1-score": 0.7841178157387725,
      "support": 2282.0
    }
  },
  "confusion_matrix": [
    [
      129,
      24,
      42,
      27,
      26
    ],
    [
      19,
      551,
      64,
      14,
      22
    ],
    [
      35,
      75,
      592,
      25,
      5
    ],
    [
      12,
      7,
      19,
      77,
      10
    ],
    [
      11,
      25,
      6,
      26,
      439
    ]
  ]
}