{
  "checkpoint": "label1",
  "checkpoint_path": "/home/huy/207177/output/checkpoint/exp_label1_ce/best.pt",
  "pretrained": "facebook/wav2vec2-large-960h",
  "pre_test_acc": 0.4680105170902717,
  "post_test_acc": 0.7712532865907099,
  "delta": 0.3032427695004382,
  "best_dev_acc": 0.7586206896551724,
  "pre_eval_info": {
    "compared": 2282,
    "skipped_no_csv": 0,
    "skipped_no_pred": 0
  },
  "post_eval_info": {
    "compared": 2282,
    "skipped_no_csv": 0,
    "skipped_no_pred": 0
  },
  "pre_classification_report": {
    "T_NS": {
      "precision": 0.0,
      "recall": 0.0,
      "f1-score": 0.0,
      "support": 248.0
    },
    "T1": {
      "precision": 0.5308056872037915,
      "recall": 0.5014925373134328,
      "f1-score": 0.5157329240214888,
      "support": 670.0
    },
    "T2": {
      "precision": 0.5087976539589443,
      "recall": 0.47404371584699456,
      "f1-score": 0.4908062234794908,
      "support": 732.0
    },
    "T3": {
      "precision": 0.09921671018276762,
      "recall": 0.304,
      "f1-score": 0.14960629921259844,
      "support": 125.0
    },
    "T4": {
      "precision": 0.5941780821917808,
      "recall": 0.6844181459566075,
      "f1-score": 0.6361136571952337,
      "support": 507.0
    },
    "accuracy": 0.4680105170902717,
    "macro avg": {
      "precision": 0.34659962670745686,
      "recall": 0.39279087982340694,
      "f1-score": 0.35845182078176235,
      "support": 2282.0
    },
    "weighted avg": {
      "precision": 0.4564987158495032,
      "recall": 0.4680105170902717,
      "f1-score": 0.45837932790575947,
      "support": 2282.0
    }
  },
  "post_classification_report": {
    "T_NS": {
      "precision": 0.5990990990990991,
      "recall": 0.5362903225806451,
      "f1-score": 0.5659574468085107,
      "support": 248.0
    },
    "T1": {
      "precision": 0.7949852507374632,
      "recall": 0.8044776119402985,
      "f1-score": 0.7997032640949555,
      "support": 670.0
    },
    "T2": {
      "precision": 0.8163265306122449,
      "recall": 0.7650273224043715,
      "f1-score": 0.7898448519040903,
      "support": 732.0
    },
    "T3": {
      "precision": 0.48502994011976047,
      "recall": 0.648,
      "f1-score": 0.5547945205479452,
      "support": 125.0
    },
    "T4": {
      "precision": 0.8449905482041588,
      "recall": 0.8816568047337278,
      "f1-score": 0.862934362934363,
      "support": 507.0
    },
    "accuracy": 0.7712532865907099,
    "macro avg": {
      "precision": 0.7080862737545452,
      "recall": 0.7270904123318086,
      "f1-score": 0.7146468892579729,
      "support": 2282.0
    },
    "weighted avg": {
      "precision": 0.7746742618025061,
      "recall": 0.7712532865907099,
      "f1-score": 0.7717712981692112,
      "support": 2282.0
    }
  },
  "pre_confusion_matrix": [
    [
      0,
      36,
      93,
      51,
      68
    ],
    [
      0,
      336,
      163,
      90,
      81
    ],
    [
      0,
      188,
      347,
      130,
      67
    ],
    [
      0,
      11,
      55,
      38,
      21
    ],
    [
      0,
      62,
      24,
      74,
      347
    ]
  ],
  "post_confusion_matrix": [
    [
      133,
      16,
      44,
      30,
      25
    ],
    [
      26,
      539,
      62,
      12,
      31
    ],
    [
      45,
      82,
      560,
      29,
      16
    ],
    [
      9,
      10,
      15,
      81,
      10
    ],
    [
      9,
      31,
      5,
      15,
      447
    ]
  ],
  "tone_labels": [
    "0",
    "1",
    "2",
    "3",
    "4"
  ],
  "tone_target_names": [
    "T_NS",
    "T1",
    "T2",
    "T3",
    "T4"
  ],
  "train_items": 8577,
  "dev_items": 464,
  "test_items": 2282,
  "save_dir": "/home/huy/207177/output/checkpoint/exp_learner_finetune_from_3ckpt/label1",
  "training_curves": "/home/huy/207177/output/checkpoint/exp_learner_finetune_from_3ckpt/label1/training_curves.json"
}