{
  "checkpoint": "label3",
  "checkpoint_path": "/home/huy/207177/output/checkpoint/exp_label3_ce/best.pt",
  "pretrained": "facebook/wav2vec2-large-960h",
  "pre_test_acc": 0.3851884312007011,
  "post_test_acc": 0.7690622261174408,
  "delta": 0.3838737949167397,
  "best_dev_acc": 0.7629310344827587,
  "pre_eval_info": {
    "compared": 2282,
    "skipped_no_csv": 0,
    "skipped_no_pred": 0
  },
  "post_eval_info": {
    "compared": 2282,
    "skipped_no_csv": 0,
    "skipped_no_pred": 0
  },
  "pre_classification_report": {
    "T_NS": {
      "precision": 0.0,
      "recall": 0.0,
      "f1-score": 0.0,
      "support": 248.0
    },
    "T1": {
      "precision": 0.39800995024875624,
      "recall": 0.47761194029850745,
      "f1-score": 0.43419267299864317,
      "support": 670.0
    },
    "T2": {
      "precision": 0.443163097199341,
      "recall": 0.3674863387978142,
      "f1-score": 0.40179238237490666,
      "support": 732.0
    },
    "T3": {
      "precision": 0.09748427672955975,
      "recall": 0.248,
      "f1-score": 0.1399548532731377,
      "support": 125.0
    },
    "T4": {
      "precision": 0.4692028985507246,
      "recall": 0.5108481262327417,
      "f1-score": 0.48914069877242683,
      "support": 507.0
    },
    "accuracy": 0.3851884312007011,
    "macro avg": {
      "precision": 0.2815720445456763,
      "recall": 0.32078928106581267,
      "f1-score": 0.2930161214838229,
      "support": 2282.0
    },
    "weighted avg": {
      "precision": 0.36859485450175133,
      "recall": 0.3851884312007011,
      "f1-score": 0.37270368349881033,
      "support": 2282.0
    }
  },
  "post_classification_report": {
    "T_NS": {
      "precision": 0.5708333333333333,
      "recall": 0.5524193548387096,
      "f1-score": 0.5614754098360656,
      "support": 248.0
    },
    "T1": {
      "precision": 0.7906295754026355,
      "recall": 0.8059701492537313,
      "f1-score": 0.7982261640798226,
      "support": 670.0
    },
    "T2": {
      "precision": 0.8060781476121563,
      "recall": 0.7609289617486339,
      "f1-score": 0.7828531271960647,
      "support": 732.0
    },
    "T3": {
      "precision": 0.5031847133757962,
      "recall": 0.632,
      "f1-score": 0.5602836879432624,
      "support": 125.0
    },
    "T4": {
      "precision": 0.8649706457925636,
      "recall": 0.8717948717948718,
      "f1-score": 0.8683693516699411,
      "support": 507.0
    },
    "accuracy": 0.7690622261174408,
    "macro avg": {
      "precision": 0.707139283103297,
      "recall": 0.7246226675271894,
      "f1-score": 0.7142415481450313,
      "support": 2282.0
    },
    "weighted avg": {
      "precision": 0.772469716401111,
      "recall": 0.7690622261174408,
      "f1-score": 0.7701159697501808,
      "support": 2282.0
    }
  },
  "pre_confusion_matrix": [
    [
      0,
      48,
      88,
      51,
      61
    ],
    [
      0,
      320,
      160,
      68,
      122
    ],
    [
      1,
      246,
      269,
      133,
      83
    ],
    [
      0,
      25,
      42,
      31,
      27
    ],
    [
      0,
      165,
      48,
      35,
      259
    ]
  ],
  "post_confusion_matrix": [
    [
      137,
      20,
      42,
      28,
      21
    ],
    [
      22,
      540,
      76,
      7,
      25
    ],
    [
      54,
      80,
      557,
      31,
      10
    ],
    [
      12,
      9,
      12,
      79,
      13
    ],
    [
      15,
      34,
      4,
      12,
      442
    ]
  ],
  "tone_labels": [
    "0",
    "1",
    "2",
    "3",
    "4"
  ],
  "tone_target_names": [
    "T_NS",
    "T1",
    "T2",
    "T3",
    "T4"
  ],
  "train_items": 8577,
  "dev_items": 464,
  "test_items": 2282,
  "save_dir": "/home/huy/207177/output/checkpoint/exp_learner_finetune_from_3ckpt/label3",
  "training_curves": "/home/huy/207177/output/checkpoint/exp_learner_finetune_from_3ckpt/label3/training_curves.json"
}