{
  "checkpoint": "label2",
  "checkpoint_path": "/home/huy/207177/output/checkpoint/exp_label2_ce/best.pt",
  "pretrained": "facebook/wav2vec2-large-960h",
  "pre_test_acc": 0.44872918492550395,
  "post_test_acc": 0.7668711656441718,
  "delta": 0.31814198071866784,
  "best_dev_acc": 0.7780172413793104,
  "pre_eval_info": {
    "compared": 2282,
    "skipped_no_csv": 0,
    "skipped_no_pred": 0
  },
  "post_eval_info": {
    "compared": 2282,
    "skipped_no_csv": 0,
    "skipped_no_pred": 0
  },
  "pre_classification_report": {
    "T_NS": {
      "precision": 0.0,
      "recall": 0.0,
      "f1-score": 0.0,
      "support": 248.0
    },
    "T1": {
      "precision": 0.4562874251497006,
      "recall": 0.5686567164179105,
      "f1-score": 0.506312292358804,
      "support": 670.0
    },
    "T2": {
      "precision": 0.5231259968102073,
      "recall": 0.44808743169398907,
      "f1-score": 0.48270787343635024,
      "support": 732.0
    },
    "T3": {
      "precision": 0.10632911392405063,
      "recall": 0.336,
      "f1-score": 0.16153846153846155,
      "support": 125.0
    },
    "T4": {
      "precision": 0.6453900709219859,
      "recall": 0.5384615384615384,
      "f1-score": 0.5870967741935483,
      "support": 507.0
    },
    "accuracy": 0.44872918492550395,
    "macro avg": {
      "precision": 0.34622652136118887,
      "recall": 0.37824113731468756,
      "f1-score": 0.34753108030543284,
      "support": 2282.0
    },
    "weighted avg": {
      "precision": 0.45098365894536563,
      "recall": 0.44872918492550395,
      "f1-score": 0.4427790409483978,
      "support": 2282.0
    }
  },
  "post_classification_report": {
    "T_NS": {
      "precision": 0.6197183098591549,
      "recall": 0.532258064516129,
      "f1-score": 0.5726681127982647,
      "support": 248.0
    },
    "T1": {
      "precision": 0.7729885057471264,
      "recall": 0.8029850746268656,
      "f1-score": 0.787701317715959,
      "support": 670.0
    },
    "T2": {
      "precision": 0.819672131147541,
      "recall": 0.7513661202185792,
      "f1-score": 0.7840342124019958,
      "support": 732.0
    },
    "T3": {
      "precision": 0.5030674846625767,
      "recall": 0.656,
      "f1-score": 0.5694444444444444,
      "support": 125.0
    },
    "T4": {
      "precision": 0.8311688311688312,
      "recall": 0.883629191321499,
      "f1-score": 0.8565965583173997,
      "support": 507.0
    },
    "accuracy": 0.7668711656441718,
    "macro avg": {
      "precision": 0.709323052517046,
      "recall": 0.7252476901366146,
      "f1-score": 0.7140889291356127,
      "support": 2282.0
    },
    "weighted avg": {
      "precision": 0.7694471834711063,
      "recall": 0.7668711656441718,
      "f1-score": 0.7665072870045575,
      "support": 2282.0
    }
  },
  "pre_confusion_matrix": [
    [
      0,
      56,
      88,
      58,
      46
    ],
    [
      1,
      381,
      144,
      90,
      54
    ],
    [
      0,
      239,
      328,
      126,
      39
    ],
    [
      0,
      27,
      45,
      42,
      11
    ],
    [
      1,
      132,
      22,
      79,
      273
    ]
  ],
  "post_confusion_matrix": [
    [
      132,
      23,
      38,
      27,
      28
    ],
    [
      21,
      538,
      66,
      10,
      35
    ],
    [
      44,
      88,
      550,
      34,
      16
    ],
    [
      7,
      11,
      13,
      82,
      12
    ],
    [
      9,
      36,
      4,
      10,
      448
    ]
  ],
  "tone_labels": [
    "0",
    "1",
    "2",
    "3",
    "4"
  ],
  "tone_target_names": [
    "T_NS",
    "T1",
    "T2",
    "T3",
    "T4"
  ],
  "train_items": 8577,
  "dev_items": 464,
  "test_items": 2282,
  "save_dir": "/home/huy/207177/output/checkpoint/exp_learner_finetune_from_3ckpt/label2",
  "training_curves": "/home/huy/207177/output/checkpoint/exp_learner_finetune_from_3ckpt/label2/training_curves.json"
}